station_id,station_name,Latitude,Longitude,Elevation,Country
38001,FORT SHEVCHENKO,44.55,50.25,-25,Null
38750,ESENGYLY,37.467,53.967,-22,Null
37259,MAHACHKALA,43,47.5,-19.7,Null
37985,LANKARAN,38.733,48.833,-11,Null
03368,LALMANIR HAT,25.88,89.43,0,Null
03369,BARAKPUR,22.77,88.37,0,Null
05455,MALIKU,8.28,73.05,0,Null
05791,BAIT AL FALAJ,23.6,58.55,0,Null
05801,GWADAR,25.13,62.32,0,Null
48864,CHU LAI,15.4167,108.7,0,Null
48453,BANGNA AGROMET,13.6664,100.6061,0.8,Null
43369,MINICOY,8.3,73.15,0.9,Null
43353,COCHIN (IN-NAVY),9.9333,76.2333,1,Null
48914,CA MAU,9.1833,105.15,1,Null
43555,MALE,4.1917,73.5292,1.7,Null
40427,BAHRAIN/MUHARRAQ,26.267,50.617,2,Null
40689,BASRAH-HUSSEN,30.517,47.783,2,Null
41992,COX'S BAZAR,21.4333,91.9333,2,Null
43424,PUTTALAM,8.0333,79.8333,2,Null
48902,BARIA (PHUOC LE),10.5,107.1667,2,Null
96147,RANAI,3.95,108.3833,2,Null
96471,KOTA KINABALU,5.9333,116.05,2,Null
43311,AMINIDIVI,11.1167,72.7333,2.7,Null
48480,CHANTHA BURI,12.6094,102.1039,2.9,Null
40676,NASIRIYA,31.017,46.233,3,Null
41480,ADEN,12.833,45.033,3,Null
41950,BARISAL,22.75,90.3667,3,Null
43185,MACHILIPATNAM/FRANCHPET,16.2,81.15,3,Null
43413,MANNAR,8.9833,79.9167,3,Null
46810,DONGSHA (=597920),20.7167,116.7167,3,Null
48109,COCO ISLAND,14.117,93.367,3,Null
48601,PENANG/BAYAN LEPAS,5.3,100.2667,3,Null
48877,NHA TRANG,12.2167,109.2167,3,Null
62641,PORT SUDAN,19.583,37.217,3,Null
96073,SIBOLGA/PINANGSORI,1.55,98.8833,3,Null
96145,TAREMPA,3.2,106.25,3,Null
96323,KUALA BELAIT,4.583,114.2,3,Null
96441,BINTULU,3.2,113.0333,3,Null
05467,SHARJAH,25.25,55.37,4,Null
17030,SAMSUN,41.2833,36.3,4,Null
41169,HAMAD INTERNATIONAL AIRPORT,25.2731,51.6081,4,Null
41759,PASNI,25.2667,63.4833,4,Null
43475,POTTUVIL,6.8833,81.8333,4,Null
48062,SITTWE,20.133,92.883,4,Null
48455,BANGKOK METROPOLIS,13.733,100.567,4,Null
48500,PRACHUAP KHIRIKHAN,11.835,99.8103,4,Null
48602,BUTTERWORTH AB,5.467,100.383,4,Null
48870,QUY NHON,13.7667,109.2167,4,Null
59316,SHANTOU,23.35,116.6667,4,Null
48568,SONGKHLA,7.1819,100.6075,4.6,Null
05433,CHATTAGRAM,22.25,91.82,5,Null
05473,VENGURLA,15.85,73.63,5,Null
41768,CHHOR,25.5167,69.7833,5,Null
46902,NENSHA ISL,10.717,115.833,5,Null
48551,SURAT THANI,9.1342,99.1519,5,Null
48615,KOTA BHARU,6.1667,102.2833,5,Null
48698,SINGAPORE/CHANGI AIRPORT,1.3667,103.9833,5,Null
48820,HA NOI,21.0333,105.8,5,Null
48845,VINH,18.6667,105.6833,5,Null
48900,TAN SON HOA,10.8167,106.6667,5,Null
48913,BA-XUYEN/SOC TRANG,9.6,105.967,5,Null
59501,SHANWEI,22.783,115.367,5,Null
59981,XISHA DAO,16.8333,112.3333,5,Null
48565,PHUKET AIRPORT,8.145,98.3144,5.9,Null
41936,JESSORE,23.1833,89.1667,6,Null
41943,FENI,23.0333,91.4167,6,Null
42809,KOLKATA/DUM DUM,22.65,88.45,6,Null
42909,VERAVAL,20.9,70.367,6,Null
48860,HOANG SA (PATTLE),16.55,111.617,6,Null
96075,GUNUNG SITOLI/BINAKA,1.2667,97.6,6,Null
96509,TARAKAN/JUWATA,3.3333,117.5667,6,Null
43346,KARAIKAL,10.9167,79.8333,6.9,Null
40022,LATTAKIA,35.533,35.767,7,Null
41140,GIZAN,16.883,42.583,7,Null
43466,COLOMBO,6.9,79.8667,7,Null
48620,SITIAWAN,4.2167,100.7,7,Null
48855,DA NANG,16.0667,108.35,7,Null
41923,DHAKA,23.7667,90.3833,8,Null
48532,RANONG,9.983,98.617,8,Null
48887,PHAN THIET,10.9333,108.1,8,Null
59838,DONGFANG,19.1,108.617,8,Null
41256,MUSCAT INT'L AIRPORT,23.5953,58.2983,8.4,Null
48080,SANDOWAY,18.467,94.35,9,Null
05786,ALIPORE,22.53,88.4,10,Null
05797,DACCA,23.62,90.05,10,Null
05800,DIAMOND HARBOUR,22.18,88.18,10,Null
40875,BANDARABBASS,27.2167,56.3667,10,Null
42840,SURAT,21.2,72.8333,10,Null
43368,CAR NICOBAR,9.15,92.81,10,Null
48094,PATHEIN,16.767,94.767,10,Null
58040,GANYU,34.85,119.133,10,Null
96491,SANDAKAN,5.9,118.0667,10,Null
03992,AN LOC,10.83,106.97,11,Null
48426,LOP BURI,14.8,100.617,11,Null
48851,QUANG TRI,16.7333,107.1833,11,Null
46736,CHINMEM/SHATOU(AFB),24.433,118.433,12,Null
48456,DON MUANG,13.917,100.6,12,Null
48896,BIEN HOA (VVBH),10.9667,106.8167,12,Null
54539,LETING,39.4333,118.9,12,Null
59137,CHIANGYANG,24.3,118.083,12,Null
41907,ISHWARDI,24.1333,89.05,13,Null
98618,PUERTO PRINCESA,9.7403,118.7586,13,Null
43279,CHENNAI/MINAMBAKKAM,13,80.1833,13.7,Null
48097,YANGON,16.7667,96.1667,14,Null
43003,BOMBAY / SANTACRUZ,19.1167,72.85,14.2,Null
37747,EVLAKH AIRPORT,40.617,47.15,15,Null
41024,JEDDAH,21.7,39.1833,15,Null
48657,KUANTAN,3.7833,103.2167,15,Null
96535,PALOH,1.7667,109.3,15,Null
41217,ABU DHABI INTERNATIONAL AIRPOR,24.4333,54.65,16,Null
42724,AGARTALA,23.8833,91.25,16,Null
48108,DAWEI,14.1,98.2167,16,Null
48477,SATTAHIP,12.6914,100.9853,16,Null
59644,BEIHAI,21.4833,109.1,16,Null
43049,GOPALPUR,19.2667,84.8833,16.4,Null
48852,HUE/PHU BAI,16.4,107.6833,17,Null
54602,BAODING,38.733,115.483,17,Null
41883,BOGRA,24.85,89.3667,18,Null
43497,HAMBANTOTA,6.1167,81.1333,18,Null
96091,TANJUNG PINANG/KIJANG,0.9167,104.5333,18,Null
42895,BALASORE,21.5167,86.9333,18.8,Null
40416,DHAHRAN,26.267,50.167,19,Null
41288,MASIRAH,20.667,58.9,19,Null
63125,DJIBOUTI,11.55,43.15,19,Null
05840,WALTAIR,17.68,83.35,20,Null
40811,AHWAZ,31.3333,48.6667,20,Null
42734,JAMNAGAR,22.45,70.083,20,Null
96481,TAWAU,4.2667,117.8833,20,Null
41780,KARACHI AIRPORT,24.9,67.1333,21,Null
48650,KUALA LUMPUR INTERNATIONAL AIR,2.7167,101.7,21,Null
96011,BANDA ACEH/BLANG BINTANG,5.5167,95.4167,21,Null
40417,K.F.I.A.,26.45,49.8167,22,Null
96315,BRUNEI AIRPORT,4.9333,114.9333,22,Null
96413,KUCHING,1.4833,110.3333,22,Null
41316,SALALAH AIRPORT,17.0439,54.1022,23,Null
54714,TE HSIEN/TECHOW,37.4833,116.3667,23,Null
40400,AL-WEJH,26.2,36.483,24,Null
43181,VIJAYAWADA/GANNAVA,16.533,80.8,24,Null
45004,KOWLOON,22.3272,114.1686,24,Null
57494,WUHAN,30.6,114.05,24,Null
96035,KUALANAMU MEDAN,3.6403,98.8786,25,Null
42970,CUTTACK,20.48,85.87,26,Null
96529,TANJUNG REDEP/KALIMARAU,2.1167,117.45,26,Null
17351,ADANA/BOLGE,36.9833,35.35,27,Null
37860,MASHTAGA,40.5333,50,27,Null
48647,KUALA LUMPUR SUBANG,3.117,101.55,27,Null
41764,HYDERABAD,25.3833,68.4167,28,Null
48849,DONG HA,16.8167,107.0833,28,Null
59658,ZHANJIANG,21.217,110.4,28,Null
40100,RAFIC HARIRI INTL,33.817,35.483,29,Null
48096,MINGALADON,16.9,96.183,29,Null
46689,MAZU (=588490),26.15,119.95,30,Null
43285,MANGALORE/PANAMBUR,12.95,74.8333,30.8,Null
46734,MAKUNG AB (=593450),23.5833,119.6167,31,Null
58944,PINGTAN,25.517,119.783,31,Null
96109,PEKAN BARU/SIMPANGTIGA,0.4667,101.45,31,Null
37484,BATUMI,41.633,41.6,32,Null
40650,BAGHDAD INT. AIRPORT,33.3,44.4,32,Null
58238,NANJING,31.9333,118.9,32,Null
54511,BEIJING,39.9333,116.2833,32.5,Null
41859,RANGPUR,25.7333,89.2333,33,Null
41977,CHITTAGONG (AMBAGAN),22.35,91.8167,33,Null
58203,FUYANG,32.8667,115.7333,33,Null
41891,SYLHET,24.9,91.8833,34,Null
57662,CHANGDE,29.05,111.683,35,Null
48110,MERGUI,12.433,98.6,36,Null
58321,HEFEI,31.867,117.233,36,Null
41749,NAWABSHAH,26.25,68.3667,37,Null
51573,TURPAN,42.933,89.2,37,Null
54843,WEI HSIEN,36.7,119.1167,38,Null
05796,COLABA,18.9,72.82,40,Null
05822,PURNEA,25.77,87.52,40,Null
05834,SILCHAR,24.83,92.85,40,Null
58027,XUZHOU,34.2833,117.15,42,Null
42498,BHAGALPUR,25.2333,86.95,44,Null
48378,PHITSANULOK,16.7961,100.2758,44,Null
40648,AL HABBANIYAH,33.37,43.57,45,Null
42971,BHUBANESHWAR,20.25,85.8333,45,Null
48648,PETALING JAYA,3.1,101.65,46,Null
57679,CHANGSHA,28.2,113.0833,46,Null
48112,VICTORIA POINT,9.967,98.583,47,Null
58606,NANCHANG,28.6,115.9167,50,Null
42492,PATNA,25.6,85.1667,51,Null
43194,GOA/DABOLIM AIRPORT,15.383,73.817,52,Null
57584,YUEYANG,29.383,113.083,52,Null
57193,XIHUA,33.783,114.517,53,Null
96565,PUTUSSIBAU/PAGSUMA,0.8833,112.9333,53,Null
42410,GUWAHATI,26.1,91.5833,54,Null
41715,JACOBABAD,28.3,68.4667,55,Null
42647,AHMADABAD,23.0667,72.6333,55,Null
40582,KUWAIT INTERNATIONAL AIRPORT,29.2425,47.9714,56,Null
41756,JIWANI,25.0667,61.8,56,Null
48839,BACH LONG VI,20.1333,107.7167,56,Null
54534,TANG SHAN,39.6667,118.1167,57,Null
54823,JINAN,36.683,116.983,58,Null
43192,GOA/PANJIM,15.4833,73.8167,58.4,Null
43371,THIRUVANANTHAPURAM,8.4833,76.95,59.9,Null
58527,JINGDEZHEN,29.3,117.2,60,Null
59293,HEYUAN,23.8,114.7333,61,Null
58424,ANQING,30.6167,116.9667,62,Null
04856,PEIPING,39.9,116.47,64,Null
53898,ANYANG,36.05,114.4,64,Null
59758,HAIKOU,20,110.25,64,Null
05469,TEZPUR,26.67,92.82,69,Null
43150,VISHAKHAPATNAM/WALTAIR,17.6833,83.3,69.9,Null
59287,GUANGZHOU,23.217,113.483,71,Null
48042,MANDALAY,21.983,96.1,74,Null
42416,TEZPUR/BINDUKURI,26.717,92.8,75,Null
42634,BHUJ-RUDRAMATA,23.25,69.8,78,Null
57799,JIAN,27.117,114.967,78,Null
59280,QINGYUAN,23.7,113.0833,78,Null
42379,GORAKHPUR,26.75,83.3667,78.3,Null
42382,RAXAUL,26.983,84.85,79,Null
43333,PORT BLAIR,11.6667,92.7167,79,Null
43418,TRINCOMALEE,8.5833,81.25,79,Null
05835,SUKKUR,27.7,68.92,80,Null
05431,BHUJ,23.28,69.67,81,Null
58633,QU XIAN,28.9667,118.8667,82.9,Null
42399,JALPAIGURI,26.5333,88.7167,83,Null
43344,TIRUCHCHIRAPALLI,10.7667,78.7167,85,Null
57290,ZHUMADIAN,32.967,114.05,85,Null
58847,FUZHOU,26.0833,119.2833,85,Null
38392,DASHKHOVUZ,41.833,59.983,87,Null
41718,KHANPUR,28.65,70.6833,87,Null
59082,CHU CHIANG,24.8333,113.5,87,Null
96009,LHOKSEUMAWE/MALIKUSSALEH,5.1833,97.1333,87,Null
38507,TURKMENBASHI,40.0333,52.9833,90,Null
96015,MEULABOH/CUT NYAK DHIEN,4.25,96.1167,90,Null
43110,RATNAGIRI,16.9833,73.3333,90.5,Null
57265,GUANGHUA,32.383,111.667,91,Null
59663,YANGJIANG,21.8333,111.9667,91,Null
43421,ANURADHAPURA,8.3333,80.4167,93,Null
37011,TUAPSE,44.1,39.0333,94.6,Null
05457,MANGALORE/MANGALURU,12.98,74.88,95,Null
59046,LIUZHOU,24.35,109.4,97,Null
42475,ALLAHABAD/BAMHRAULI,25.45,81.733,98,Null
42706,BANKURA,23.3833,87.0833,100,Null
43284,MANGALORE/BAJPE,12.917,74.883,102,Null
48955,PAKSE,15.117,105.783,102,Null
42314,DIBRUGARH /MOHANBARI,27.4833,95.0167,110,Null
57083,ZHENGZHOU,34.7167,113.65,111,Null
41360,HODEIDAH (CIV/MIL),14.75,42.967,115,Null
57297,XINYANG,32.133,114.05,115,Null
37395,KUTAISI,42.267,42.633,116,Null
42591,GAYA,24.75,84.95,116,Null
48379,PHETCHABUN,16.433,101.15,116,Null
37260,SUKHUMI (AGMS),43.017,41.033,118,Null
59265,WUZHOU,23.4833,111.3,120,Null
41675,MULTAN,30.2,71.4333,122,Null
42369,LUCKNOW/AMAUSI,26.75,80.8833,122,Null
48407,UBON RATCHATHANI,15.25,104.8667,122,Null
42273,BAHRAICH,27.5667,81.6,123,Null
42397,SILIGURI,26.6667,88.3667,123,Null
54727,ZHANGQIU,36.7,117.55,123,Null
59431,NANNING,22.6333,108.2167,126,Null
59417,LONGZHOU,22.367,106.75,129,Null
38064,KYZYLORDA,44.7667,65.5167,133.4,Null
57993,GANZHOU,25.8667,115,134,Null
42539,DEESA,24.2,72.2,135,Null
56989,HEKOU,22.5,103.95,138,Null
59134,XIAMEN,24.4833,118.0833,139,Null
37099,SOCHI,43.5833,39.7667,141.9,Null
42798,JAMSHEDPUR,22.8167,86.1833,142,Null
48008,MYITKYINA,25.3667,97.4,145,Null
48947,SAVANNAKHET,16.55,104.65,145,Null
37409,SAKARA,42.133,43.033,148,Null
48357,NAKHON PHANOM,17.417,104.783,148,Null
05466,SAMBALPUR,21.47,83.98,153,Null
41678,BAHAWALNAGAR,29.95,73.25,162,Null
57957,GUILIN,25.3333,110.3,166,Null
42189,BAREILLY,28.3667,79.4,167,Null
42260,AGRA,27.15,77.9667,168,Null
48940,VIENTIANE,17.95,102.567,171,Null
41624,DERA ISMAIL KHAN,31.8167,70.9167,172,Null
42123,GANGANAGAR,29.9167,73.8833,172,Null
48354,UDON THANI,17.3769,102.8094,177,Null
59211,BAISE,23.9,106.6,177,Null
57178,NANYANG,33.1,112.4833,181.6,Null
53798,XINGTAI,37.1808,114.3589,184,Null
48431,NAKHON RATCHASIMA,14.9681,102.0858,186.6,Null
48381,KHON KAEN,16.4608,102.7894,187,Null
41594,SARGODHA,32.05,72.667,188,Null
38687,CHARDZHEV,39.083,63.6,190,Null
42435,BARMER,25.75,71.3833,193,Null
42361,GWALIOR,26.2333,78.25,205,Null
38880,ASHGABAT KESHI,37.987,58.361,211,Null
42182,NEW DELHI/SAFDARJUNG,28.5833,77.2,211,Null
41640,LAHORE CITY,31.55,74.3333,214,Null
59096,LIANPING,24.367,114.483,214,Null
05462,NEW DEHLI,28.63,77.2,216,Null
05548,LAHORE,31.62,74.4,217,Null
42339,JODHPUR,26.3,73.0167,217,Null
58725,SHAOWU,27.3333,117.4667,219,Null
48053,MEIKTILA,20.883,95.9,220,Null
40608,MOSUL,36.317,43.15,223,Null
42165,BIKANER,28,73.3,223,Null
63671,WAJIR,1.75,40.067,224,Null
42886,JHARSIGUDA,21.9167,84.0833,228,Null
42071,AMRITSAR,31.6333,74.8667,229,Null
42328,JAISALMER,26.9,70.9167,231,Null
63624,MANDERA,3.933,41.867,231,Null
41598,JHELUM,32.9333,73.7167,232,Null
38413,TAMDY,41.733,64.617,237,Null
40039,RAQQA,35.933,39.017,245,Null
42101,PATIALA,30.3333,76.4667,251,Null
41600,SIALKOT,32.5,74.5333,255,Null
57461,YICHANG,30.7333,111.3667,257.7,Null
57749,HUAIHUA,27.5667,110,261,Null
59023,HECHI,24.7,108.0333,261,Null
42103,AMBALA,30.3833,76.7667,273,Null
42452,KOTA AERODROME,25.15,75.85,273,Null
57932,RONGJIANG,25.967,108.533,287,Null
42170,CHURU,28.25,74.9167,290,Null
57245,ANKANG,32.43,109.02,291.2,Null
63478,GODE,5.9,43.583,295,Null
42874,PBO RAIPUR,21.2333,81.65,296,Null
54836,YIYUAN,36.183,118.15,302,Null
40030,HAMA,35.117,36.75,303,Null
48930,LUANG-PRABANG,19.883,102.133,305,Null
38927,TERMEZ,37.233,67.267,310,Null
42867,NAGPUR SONEGAON,21.1,79.05,310,Null
57411,NANCHONG,30.8,106.083,310,Null
37735,GANDJA,40.717,46.417,311,Null
58911,CHANGTING,25.85,116.367,311,Null
37055,MINERAL'NYE VODY,44.2167,43.1,312.6,Null
48327,CHIANG MAI,18.7706,98.9683,313.2,Null
42056,JAMMU,32.6667,74.8333,318,Null
51334,JINGHE,44.617,82.9,321,Null
41529,PESHAWAR,34.0333,71.9333,329,Null
56492,YIBIN,28.817,104.533,342,Null
57328,DA XIAN,31.217,107.5,342,Null
43237,ANANTAPUR,14.6833,77.6167,349,Null
40373,AL-QAISUMAH,28.3167,46.1333,358,Null
57972,CHENZHOU,25.7353,112.9739,368.8,Null
38989,TAGTABAZAR,35.9,62.9667,375,Null
40911,MAZAR-I-SHARIF,36.7,67.2,378,Null
42348,JAIPUR / SANGANER,26.8167,75.8,383,Null
42675,JABALPUR,23.2,79.95,397,Null
57036,XIAN,34.3,108.933,398,Null
04858,SIAN,34.25,108.93,400,Null
57131,JINGHE,34.4333,108.9667,411,Null
57731,SINAN,27.95,108.25,418,Null
59948,SANYA,18.2167,109.5833,420,Null
54423,CHENGDE,40.967,117.917,423,Null
40007,ALEPPO INT. AEROPOR,36.333,37.217,425,Null
38599,KHUDJAND,40.217,69.733,427,Null
05454,MALEGAON,20.57,74.53,431,Null
40913,KUNDUZ,36.6667,68.9167,433,Null
57916,LUODIAN,25.433,106.767,441,Null
40001,KAMISHLI,37.05,41.217,455,Null
57447,ENSHI,30.2833,109.4667,458,Null
37549,TBILISI/NOVOALEXEYE,41.6833,44.95,467,Null
05794,BELLARY,15.15,76.95,470,Null
54027,LINDONG,43.983,119.4,485,Null
05784,AJMER,26.45,74.73,490,Null
37575,ZAKATALA,41.55,46.667,490,Null
38457,TASHKENT,41.267,69.267,493,Null
48867,AN KHE (VVAK),13.9667,108.65,495,Null
38606,KOKAND,40.55,70.95,499,Null
62730,KASSALA,15.467,36.4,500,Null
41571,ISLAMABAD AIRPORT,33.6167,73.1,507,Null
56294,CHENGDU,30.667,104.017,508,Null
42542,UDAIPUR DABOK,24.6167,73.8833,509,Null
57127,HANZHONG,33.0667,107.0333,509,Null
63612,LODWAR,3.117,35.617,515,Null
42667,BHOPAL/BAIRAGHAR,23.2833,77.35,522,Null
43128,HYDERABAD AIRPORT,17.45,78.4667,530,Null
17082,MERZIFON,40.85,35.583,535,Null
05449,KANKROLI/RAJSAMAND,25.05,73.88,538,Null
57516,CHONGQING,29.6,106.4,541.1,Null
56187,WENJIANG,30.75,103.8667,549,Null
43041,JAGDALPUR,19.0833,82.0333,554,Null
43063,PUNE,18.5333,73.85,555,Null
37050,PJATIGORSK,44.05,43.03,573,Null
42543,UDAIPUR,24.583,73.7,582,Null
43014,AURANGABAD CHIKALTHANA AERODRO,19.85,75.4,585,Null
62752,GEDAREF,14.033,35.4,599,Null
40438,RIYADH OBS.,24.7,46.733,603,Null
40080,DAMASCUS INT. AIRPO,33.417,36.517,610,Null
40437,KING KHALED INT. AIRPORT,24.9333,46.7167,614,Null
40642,RUTBAH,33.033,40.283,615,Null
40255,IRBED,32.55,35.85,616,Null
42779,PENDRA ROAD,22.767,81.9,625,Null
36859,ZHARKENT,44.167,80.067,645,Null
42701,M.O. RANCHI,23.3167,85.3167,646,Null
38341,TARAZ,42.85,71.3,652,Null
40430,AL-MADINAH,24.55,39.7,654,Null
57067,LUSHI,34.0803,111.0728,659.5,Null
36872,ALMATY,43.3633,77.0042,662.7,Null
51431,YINING,43.95,81.3333,664,Null
57633,YOUYANG,28.833,108.767,665,Null
54218,CHIFENG,42.3,118.8333,668.6,Null
43201,GADAG,15.4167,75.6333,670,Null
57237,WANYUAN,32.067,108.033,674,Null
17281,DIYARBAKIR-BOLGE,37.9,40.2,675,Null
41710,NOKKUNDI,28.8167,62.75,682,Null
40265,MAFRAQ,32.3667,36.25,683,Null
42111,DEHRADUN,30.3167,78.0333,683,Null
52203,HAMI,42.8167,93.5167,739,Null
38353,BISHKEK,42.833,74.583,760,Null
38613,DZHALAL-ABAD,40.917,72.95,765,Null
54401,ZHANGJIAKOU,40.7833,114.8833,774.1,Null
53772,TAIYUAN,37.6206,112.5767,776,Null
40375,TABUK,28.3833,36.6,778,Null
40270,AMMAN AIRPORT,31.983,35.983,779,Null
42623,IMPHAL/TULIHAL,24.7667,93.9,781,Null
51379,QITAI,44.017,89.567,794,Null
38836,DUSHANBE,38.55,68.783,800,Null
54115,LINXI,43.6,118.067,800,Null
48858,PLEIKU AB,14,108.0167,807,Null
37895,KHANKANDY,39.983,46.75,828,Null
48060,KENGTUNG,21.3,99.617,828,Null
51765,TIKANLIK,40.633,87.7,847,Null
41712,DAL BANDIN,28.8833,64.4,848,Null
53564,HEQU,39.383,111.15,861,Null
42079,SUNDERNAGAR,31.5333,76.9,874,Null
51495,SHISANJIANFANG,43.483,91.633,874,Null
37936,NAXCIVAN,39.2,45.417,885,Null
51777,RUOQIANG,39.0333,88.1667,889,Null
43295,BANGALORE,12.9667,77.5833,917,Null
51463,WU LU MU QI,43.7833,87.6167,919,Null
51656,KORLA,41.75,86.133,933,Null
44354,SAINSHAND,44.9,110.117,938,Null
52267,EJIN QI,41.95,101.0667,941,Null
53845,YAN AN,36.5667,109.45,958.9,Null
53068,ERENHOT,43.6333,111.95,966,Null
40938,HERAT,34.217,62.217,977,Null
41739,PANJGUR,26.9667,64.1,980,Null
54012,XI UJIMQIN QI,44.583,117.6,997,Null
40745,MASHHAD,36.2667,59.6333,999,Null
54102,XILIN HOT,43.95,116.1167,1004,Null
40990,KANDAHAR AIRPORT,31.5,65.85,1010,Null
40394,HAIL,27.4333,41.6833,1015,Null
53513,LINHE,40.7333,107.3667,1041,Null
17195,KAYSERI/ERKILET,38.817,35.433,1054,Null
53420,XAMBA,40.97,107.17,1057,Null
40310,MAAN,30.167,35.783,1069,Null
53487,DATONG,40.1,113.333,1069,Null
56096,WUDU,33.383,104.917,1079,Null
51644,KUQA,41.7167,82.95,1083.5,Null
17196,KAYSERI BOLGE,38.6833,35.4833,1096,Null
41685,BARKHAN,29.8833,69.7167,1097,Null
53614,YINCHUAN,38.4667,106.2,1112,Null
63619,MOYALE,3.533,39.05,1113,Null
44385,HANBOGD,43.2,107.167,1114,Null
51716,BACHU,39.8,78.567,1117,Null
37789,YEREVAN AERO,40.2169,44.5017,1134,Null
52418,DUNHUANG,40.15,94.6833,1140,Null
53502,JARTAI,39.783,105.75,1143,Null
57006,TIANSHUI,34.583,105.75,1143,Null
53276,JURH,42.4,112.9,1152,Null
53463,HOHHOT,40.85,111.5667,1153.5,Null
53083,NARAN BULAG,44.617,114.15,1183,Null
40754,TEHRAN-MEHRABAD,35.6833,51.3167,1204,Null
57816,GUIYANG,26.4833,106.65,1223,Null
41744,KHUZDAR,27.8333,66.6333,1231,Null
51811,SHACHE,38.433,77.267,1232,Null
40821,YAZD,31.9,54.2833,1238,Null
59007,GUANGNAN,24.067,105.067,1251,Null
51848,ANDIR,37.93,83.65,1264,Null
51628,WEN-SU,41.26,80.3,1286,Null
53336,HALIUT,41.5667,108.5167,1290,Null
56964,SIMAO,22.7667,100.9833,1303,Null
53546,CHASAKOCHI,39.283,109.75,1310,Null
56985,MENGZI,23.4444,103.3278,1313.6,Null
40766,KERMANSHAH,34.35,47.15,1319,Null
52495,BAYAN MOD,40.75,104.5,1329,Null
44454,KATHMANDU AIRPORT,27.7,85.367,1337,Null
63641,MARSABIT,2.333,37.983,1345,Null
53915,PINGLIANG,35.55,106.6667,1348,Null
40706,TABRIZ,38.0833,46.2833,1367,Null
52681,MINQIN,38.6333,103.0833,1367,Null
40856,ZAHEDAN,29.4667,60.8833,1370,Null
51828,HOTAN,37.1333,79.9333,1375,Null
57902,XINGREN,25.433,105.183,1379,Null
53529,OTOG QI,39.1,107.983,1381,Null
41390,TAIZ (CIV/MIL),13.683,44.15,1385,Null
51709,KASHI,39.4833,75.75,1386.7,Null
41620,ZHOB,31.35,69.467,1407,Null
51839,MINFENG,37.0667,82.7167,1409,Null
41516,GILGIT,35.9167,74.3333,1453,Null
53543,DONGSHENG,39.8333,109.9833,1459,Null
52391,PANG-TING-TO-TO-KAI,41.75,103.9667,1463,Null
41515,DROSH,35.5667,71.7833,1464,Null
44373,DALANZADGAD,43.5833,104.4167,1465,Null
52533,JIUQUAN,39.7667,98.4833,1478,Null
40848,SHIRAZ,29.5333,52.6,1484,Null
40809,BIRJAND,32.8667,59.2,1491,Null
41506,CHITRAL,35.9217,71.8,1499,Null
42516,SHILLONG S06 03Z,25.5667,91.8833,1500,Null
56951,LINCANG,23.8833,100.0833,1502.4,Null
53231,HAILS,41.45,106.383,1510,Null
57707,BIJIE,27.3,105.233,1511,Null
37686,GUMRI,40.783,43.833,1512,Null
52889,LANZHOU,36.05,103.883,1518,Null
52436,YUMENZHEN,40.267,97.033,1527,Null
40800,ESFAHAN,32.5175,51.7061,1550.4,Null
63695,MERU,0.083,37.65,1554,Null
42027,SRINAGAR,34.0833,74.8333,1585,Null
56571,XICHANG,27.9,102.2667,1599,Null
41661,QUETTA (SHEIKH MANDA),30.2667,66.9167,1620,Null
56739,TENGCHONG,24.9844,98.5056,1696.9,Null
41560,PARACHINAR,33.8667,70.0833,1725,Null
40841,KERMAN,30.25,56.9667,1748,Null
42299,GANGTOK,27.3333,88.6167,1756,Null
52323,MAZONG SHAN,41.8,97.0333,1770,Null
40948,KABUL AIRPORT,34.55,69.2167,1791,Null
17095,ERZURUM BOLGE,39.9,41.2833,1869,Null
63694,NANUYKI,0.033,37.033,1872,Null
52983,YU ZHONG,35.8667,104.15,1875,Null
63661,KITALE,1.017,35,1890,Null
56778,KUNMING,25.0167,102.6833,1892,Null
52313,XING-XING-XIA,41.7833,95.1333,1935,Null
56779,KAN-HAI-TZU,25.0167,102.8333,1982,Null
51711,AKQI,40.933,78.45,1986,Null
41696,KALAT,29.0333,66.5833,2015,Null
36974,NARYN,41.433,76,2041,Null
56533,LA WANG/TZUKEI,27.6667,98.3833,2051,Null
41114,KHAMIS MUSHAIT,18.3,42.8,2066,Null
38954,KHOROG,37.5,71.5,2077,Null
41112,ABHA,18.2333,42.65,2090,Null
63686,ELDORET,0.483,35.3,2120,Null
05832,SHIMLA,31.08,77.18,2130,Null
41344,SANA'A (CIV/MIL),15.517,44.183,2190,Null
41404,SANAA,15.383,44.2,2190,Null
56691,WEINING,26.8667,104.2833,2236,Null
05798,DARJEELING,27.05,88.3,2270,Null
52866,XINING,36.7167,101.75,2296,Null
63021,ASMARA,15.283,38.917,2325,Null
63450,ADDIS ABABA-BOLE,9.0333,38.75,2354,Null
56651,LIJING,26.867,100.233,2394,Null
56247,BATANG,29.967,99.067,2589,Null
56374,KANGDING,30.05,101.967,2617,Null
56172,BARKAM,31.9,102.233,2666,Null
52602,LENGHU,38.833,93.383,2771,Null
52818,GOLMUD,36.4167,94.9,2809,Null
56080,HEZUO,35,102.9,2910,Null
52737,DELINGHA,37.317,97.217,2982,Null
56462,JIULONG,29.033,101.5,2994,Null
56312,NYINGCHI,29.5667,94.4667,3001,Null
51895,MANGYA,37.85,91.65,3060,Null
51886,MANGNAI,38.25,90.85,3139,Null
52713,DA-QAIDAM,37.85,95.367,3174,Null
52836,DOULAN,36.3,98.1,3190,Null
56137,QAMDO,31.15,97.1667,3307,Null
56444,DEQEN,28.45,98.883,3320,Null
56146,GARZE,31.6167,100,3394,Null
56079,RUOERGAI,33.583,102.967,3441,Null
55591,LHASA,29.6667,91.1333,3650,Null
56029,YUSHU,33,96.95,3716.9,Null
55578,XIGAZE,29.217,88.917,3837,Null
56116,DENGQEN,31.417,95.6,3874,Null
55696,LHUNZE,28.417,92.467,3900,Null
56046,DARLAG,33.8,99.8,3968,Null
56106,SOG XIAN,31.867,93.767,4024,Null
56033,MADOI,34.917,98.217,4273,Null
55228,SHIQUANHE,32.5,80.067,4279,Null
55773,PAGRI,27.75,89.167,4301,Null
55664,TINGRI,28.633,87.083,4302,Null
55299,NAGQU,31.4833,92.0667,4508,Null
56004,TUOTUOHE,33.95,92.617,4535,Null
52908,WUDAOLIANG,35.217,93.083,4613,Null
55472,XAINZA,30.95,88.633,4671,Null
55279,BAINGOIN,31.367,90.017,4701,Null
